,Seat1,Seat2,backward,forward,WMAAMW_forward,WMAAMW_backward
0,0,0,249,0,0,249
1,1,0,249,0,1,248
2,2,0,249,0,2,247
3,3,0,249,0,3,246
4,4,0,249,0,4,245
5,5,0,249,0,5,244
6,6,0,249,0,6,243
7,7,0,249,0,7,242
8,8,0,249,0,8,241
9,9,0,249,0,9,240
10,0,0,248,1,10,239
11,1,0,248,1,11,238
12,2,0,248,1,12,237
13,3,0,248,1,13,236
14,4,0,248,1,14,235
15,5,0,248,1,15,234
16,6,0,248,1,16,233
17,7,0,248,1,17,232
18,8,0,248,1,18,231
19,9,0,248,1,19,230
20,0,0,247,2,20,229
21,1,0,247,2,21,228
22,2,0,247,2,22,227
23,3,0,247,2,23,226
24,4,0,247,2,24,225
25,5,0,247,2,25,224
26,6,0,247,2,26,223
27,7,0,247,2,27,222
28,8,0,247,2,28,221
29,9,0,247,2,29,220
30,0,0,246,3,30,219
31,1,0,246,3,31,218
32,2,0,246,3,32,217
33,3,0,246,3,33,216
34,4,0,246,3,34,215
35,5,0,246,3,35,214
36,6,0,246,3,36,213
37,7,0,246,3,37,212
38,8,0,246,3,38,211
39,9,0,246,3,39,210
40,0,0,245,4,40,209
41,1,0,245,4,41,208
42,2,0,245,4,42,207
43,3,0,245,4,43,206
44,4,0,245,4,44,205
45,5,0,245,4,45,204
46,6,0,245,4,46,203
47,7,0,245,4,47,202
48,8,0,245,4,48,201
49,9,0,245,4,49,200
50,0,0,244,5,50,199
51,1,0,244,5,51,198
52,2,0,244,5,52,197
53,3,0,244,5,53,196
54,4,0,244,5,54,195
55,5,0,244,5,55,194
56,6,0,244,5,56,193
57,7,0,244,5,57,192
58,8,0,244,5,58,191
59,9,0,244,5,59,190
60,0,0,243,6,60,189
61,1,0,243,6,61,188
62,2,0,243,6,62,187
63,3,0,243,6,63,186
64,4,0,243,6,64,185
65,5,0,243,6,65,184
66,6,0,243,6,66,183
67,7,0,243,6,67,182
68,8,0,243,6,68,181
69,9,0,243,6,69,180
70,0,0,242,7,70,179
71,1,0,242,7,71,178
72,2,0,242,7,72,177
73,3,0,242,7,73,176
74,4,0,242,7,74,175
75,5,0,242,7,75,174
76,6,0,242,7,76,173
77,7,0,242,7,77,172
78,8,0,242,7,78,171
79,9,0,242,7,79,170
80,0,0,241,8,80,169
81,1,0,241,8,81,168
82,2,0,241,8,82,167
83,3,0,241,8,83,166
84,4,0,241,8,84,165
85,5,0,241,8,85,164
86,6,0,241,8,86,163
87,7,0,241,8,87,162
88,8,0,241,8,88,161
89,9,0,241,8,89,160
90,0,0,240,9,90,159
91,1,0,240,9,91,158
92,2,0,240,9,92,157
93,3,0,240,9,93,156
94,4,0,240,9,94,155
95,5,0,240,9,95,154
96,6,0,240,9,96,153
97,7,0,240,9,97,152
98,8,0,240,9,98,151
99,9,0,240,9,99,150
100,0,0,239,10,100,149
101,1,0,239,10,101,148
102,2,0,239,10,102,147
103,3,0,239,10,103,146
104,4,0,239,10,104,145
105,5,0,239,10,105,144
106,6,0,239,10,106,143
107,7,0,239,10,107,142
108,8,0,239,10,108,141
109,9,0,239,10,109,140
110,0,0,238,11,110,139
111,1,0,238,11,111,138
112,2,0,238,11,112,137
113,3,0,238,11,113,136
114,4,0,238,11,114,135
115,5,0,238,11,115,134
116,6,0,238,11,116,133
117,7,0,238,11,117,132
118,8,0,238,11,118,131
119,9,0,238,11,119,130
120,0,0,237,12,120,129
121,1,0,237,12,121,128
122,2,0,237,12,122,127
123,3,0,237,12,123,126
124,4,0,237,12,124,125
125,5,0,237,12,125,124
126,6,0,237,12,126,123
127,7,0,237,12,127,122
128,8,0,237,12,128,121
129,9,0,237,12,129,120
130,0,0,236,13,130,119
131,1,0,236,13,131,118
132,2,0,236,13,132,117
133,3,0,236,13,133,116
134,4,0,236,13,134,115
135,5,0,236,13,135,114
136,6,0,236,13,136,113
137,7,0,236,13,137,112
138,8,0,236,13,138,111
139,9,0,236,13,139,110
140,0,0,235,14,140,109
141,1,0,235,14,141,108
142,2,0,235,14,142,107
143,3,0,235,14,143,106
144,4,0,235,14,144,105
145,5,0,235,14,145,104
146,6,0,235,14,146,103
147,7,0,235,14,147,102
148,8,0,235,14,148,101
149,9,0,235,14,149,100
150,0,0,234,15,150,99
151,1,0,234,15,151,98
152,2,0,234,15,152,97
153,3,0,234,15,153,96
154,4,0,234,15,154,95
155,5,0,234,15,155,94
156,6,0,234,15,156,93
157,7,0,234,15,157,92
158,8,0,234,15,158,91
159,9,0,234,15,159,90
160,0,0,233,16,160,89
161,1,0,233,16,161,88
162,2,0,233,16,162,87
163,3,0,233,16,163,86
164,4,0,233,16,164,85
165,5,0,233,16,165,84
166,6,0,233,16,166,83
167,7,0,233,16,167,82
168,8,0,233,16,168,81
169,9,0,233,16,169,80
170,0,0,232,17,170,79
171,1,0,232,17,171,78
172,2,0,232,17,172,77
173,3,0,232,17,173,76
174,4,0,232,17,174,75
175,5,0,232,17,175,74
176,6,0,232,17,176,73
177,7,0,232,17,177,72
178,8,0,232,17,178,71
179,9,0,232,17,179,70
180,0,0,231,18,180,69
181,1,0,231,18,181,68
182,2,0,231,18,182,67
183,3,0,231,18,183,66
184,4,0,231,18,184,65
185,5,0,231,18,185,64
186,6,0,231,18,186,63
187,7,0,231,18,187,62
188,8,0,231,18,188,61
189,9,0,231,18,189,60
190,0,0,230,19,190,59
191,1,0,230,19,191,58
192,2,0,230,19,192,57
193,3,0,230,19,193,56
194,4,0,230,19,194,55
195,5,0,230,19,195,54
196,6,0,230,19,196,53
197,7,0,230,19,197,52
198,8,0,230,19,198,51
199,9,0,230,19,199,50
200,0,0,229,20,200,49
201,1,0,229,20,201,48
202,2,0,229,20,202,47
203,3,0,229,20,203,46
204,4,0,229,20,204,45
205,5,0,229,20,205,44
206,6,0,229,20,206,43
207,7,0,229,20,207,42
208,8,0,229,20,208,41
209,9,0,229,20,209,40
210,0,0,228,21,210,39
211,1,0,228,21,211,38
212,2,0,228,21,212,37
213,3,0,228,21,213,36
214,4,0,228,21,214,35
215,5,0,228,21,215,34
216,6,0,228,21,216,33
217,7,0,228,21,217,32
218,8,0,228,21,218,31
219,9,0,228,21,219,30
220,0,0,227,22,220,29
221,1,0,227,22,221,28
222,2,0,227,22,222,27
223,3,0,227,22,223,26
224,4,0,227,22,224,25
225,5,0,227,22,225,24
226,6,0,227,22,226,23
227,7,0,227,22,227,22
228,8,0,227,22,228,21
229,9,0,227,22,229,20
230,0,0,226,23,230,19
231,1,0,226,23,231,18
232,2,0,226,23,232,17
233,3,0,226,23,233,16
234,4,0,226,23,234,15
235,5,0,226,23,235,14
236,6,0,226,23,236,13
237,7,0,226,23,237,12
238,8,0,226,23,238,11
239,9,0,226,23,239,10
240,0,0,225,24,240,9
241,1,0,225,24,241,8
242,2,0,225,24,242,7
243,3,0,225,24,243,6
244,4,0,225,24,244,5
245,5,0,225,24,245,4
246,6,0,225,24,246,3
247,7,0,225,24,247,2
248,8,0,225,24,248,1
249,9,0,225,24,249,0
250,0,1,224,25,0,249
251,1,1,224,25,1,248
252,2,1,224,25,2,247
253,3,1,224,25,3,246
254,4,1,224,25,4,245
255,5,1,224,25,5,244
256,6,1,224,25,6,243
257,7,1,224,25,7,242
258,8,1,224,25,8,241
259,9,1,224,25,9,240
260,0,1,223,26,10,239
261,1,1,223,26,11,238
262,2,1,223,26,12,237
263,3,1,223,26,13,236
264,4,1,223,26,14,235
265,5,1,223,26,15,234
266,6,1,223,26,16,233
267,7,1,223,26,17,232
268,8,1,223,26,18,231
269,9,1,223,26,19,230
270,0,1,222,27,20,229
271,1,1,222,27,21,228
272,2,1,222,27,22,227
273,3,1,222,27,23,226
274,4,1,222,27,24,225
275,5,1,222,27,25,224
276,6,1,222,27,26,223
277,7,1,222,27,27,222
278,8,1,222,27,28,221
279,9,1,222,27,29,220
280,0,1,221,28,30,219
281,1,1,221,28,31,218
282,2,1,221,28,32,217
283,3,1,221,28,33,216
284,4,1,221,28,34,215
285,5,1,221,28,35,214
286,6,1,221,28,36,213
287,7,1,221,28,37,212
288,8,1,221,28,38,211
289,9,1,221,28,39,210
290,0,1,220,29,40,209
291,1,1,220,29,41,208
292,2,1,220,29,42,207
293,3,1,220,29,43,206
294,4,1,220,29,44,205
295,5,1,220,29,45,204
296,6,1,220,29,46,203
297,7,1,220,29,47,202
298,8,1,220,29,48,201
299,9,1,220,29,49,200
300,0,1,219,30,50,199
301,1,1,219,30,51,198
302,2,1,219,30,52,197
303,3,1,219,30,53,196
304,4,1,219,30,54,195
305,5,1,219,30,55,194
306,6,1,219,30,56,193
307,7,1,219,30,57,192
308,8,1,219,30,58,191
309,9,1,219,30,59,190
310,0,1,218,31,60,189
311,1,1,218,31,61,188
312,2,1,218,31,62,187
313,3,1,218,31,63,186
314,4,1,218,31,64,185
315,5,1,218,31,65,184
316,6,1,218,31,66,183
317,7,1,218,31,67,182
318,8,1,218,31,68,181
319,9,1,218,31,69,180
320,0,1,217,32,70,179
321,1,1,217,32,71,178
322,2,1,217,32,72,177
323,3,1,217,32,73,176
324,4,1,217,32,74,175
325,5,1,217,32,75,174
326,6,1,217,32,76,173
327,7,1,217,32,77,172
328,8,1,217,32,78,171
329,9,1,217,32,79,170
330,0,1,216,33,80,169
331,1,1,216,33,81,168
332,2,1,216,33,82,167
333,3,1,216,33,83,166
334,4,1,216,33,84,165
335,5,1,216,33,85,164
336,6,1,216,33,86,163
337,7,1,216,33,87,162
338,8,1,216,33,88,161
339,9,1,216,33,89,160
340,0,1,215,34,90,159
341,1,1,215,34,91,158
342,2,1,215,34,92,157
343,3,1,215,34,93,156
344,4,1,215,34,94,155
345,5,1,215,34,95,154
346,6,1,215,34,96,153
347,7,1,215,34,97,152
348,8,1,215,34,98,151
349,9,1,215,34,99,150
350,0,1,214,35,100,149
351,1,1,214,35,101,148
352,2,1,214,35,102,147
353,3,1,214,35,103,146
354,4,1,214,35,104,145
355,5,1,214,35,105,144
356,6,1,214,35,106,143
357,7,1,214,35,107,142
358,8,1,214,35,108,141
359,9,1,214,35,109,140
360,0,1,213,36,110,139
361,1,1,213,36,111,138
362,2,1,213,36,112,137
363,3,1,213,36,113,136
364,4,1,213,36,114,135
365,5,1,213,36,115,134
366,6,1,213,36,116,133
367,7,1,213,36,117,132
368,8,1,213,36,118,131
369,9,1,213,36,119,130
370,0,1,212,37,120,129
371,1,1,212,37,121,128
372,2,1,212,37,122,127
373,3,1,212,37,123,126
374,4,1,212,37,124,125
375,5,1,212,37,125,124
376,6,1,212,37,126,123
377,7,1,212,37,127,122
378,8,1,212,37,128,121
379,9,1,212,37,129,120
380,0,1,211,38,130,119
381,1,1,211,38,131,118
382,2,1,211,38,132,117
383,3,1,211,38,133,116
384,4,1,211,38,134,115
385,5,1,211,38,135,114
386,6,1,211,38,136,113
387,7,1,211,38,137,112
388,8,1,211,38,138,111
389,9,1,211,38,139,110
390,0,1,210,39,140,109
391,1,1,210,39,141,108
392,2,1,210,39,142,107
393,3,1,210,39,143,106
394,4,1,210,39,144,105
395,5,1,210,39,145,104
396,6,1,210,39,146,103
397,7,1,210,39,147,102
398,8,1,210,39,148,101
399,9,1,210,39,149,100
400,0,1,209,40,150,99
401,1,1,209,40,151,98
402,2,1,209,40,152,97
403,3,1,209,40,153,96
404,4,1,209,40,154,95
405,5,1,209,40,155,94
406,6,1,209,40,156,93
407,7,1,209,40,157,92
408,8,1,209,40,158,91
409,9,1,209,40,159,90
410,0,1,208,41,160,89
411,1,1,208,41,161,88
412,2,1,208,41,162,87
413,3,1,208,41,163,86
414,4,1,208,41,164,85
415,5,1,208,41,165,84
416,6,1,208,41,166,83
417,7,1,208,41,167,82
418,8,1,208,41,168,81
419,9,1,208,41,169,80
420,0,1,207,42,170,79
421,1,1,207,42,171,78
422,2,1,207,42,172,77
423,3,1,207,42,173,76
424,4,1,207,42,174,75
425,5,1,207,42,175,74
426,6,1,207,42,176,73
427,7,1,207,42,177,72
428,8,1,207,42,178,71
429,9,1,207,42,179,70
430,0,1,206,43,180,69
431,1,1,206,43,181,68
432,2,1,206,43,182,67
433,3,1,206,43,183,66
434,4,1,206,43,184,65
435,5,1,206,43,185,64
436,6,1,206,43,186,63
437,7,1,206,43,187,62
438,8,1,206,43,188,61
439,9,1,206,43,189,60
440,0,1,205,44,190,59
441,1,1,205,44,191,58
442,2,1,205,44,192,57
443,3,1,205,44,193,56
444,4,1,205,44,194,55
445,5,1,205,44,195,54
446,6,1,205,44,196,53
447,7,1,205,44,197,52
448,8,1,205,44,198,51
449,9,1,205,44,199,50
450,0,1,204,45,200,49
451,1,1,204,45,201,48
452,2,1,204,45,202,47
453,3,1,204,45,203,46
454,4,1,204,45,204,45
455,5,1,204,45,205,44
456,6,1,204,45,206,43
457,7,1,204,45,207,42
458,8,1,204,45,208,41
459,9,1,204,45,209,40
460,0,1,203,46,210,39
461,1,1,203,46,211,38
462,2,1,203,46,212,37
463,3,1,203,46,213,36
464,4,1,203,46,214,35
465,5,1,203,46,215,34
466,6,1,203,46,216,33
467,7,1,203,46,217,32
468,8,1,203,46,218,31
469,9,1,203,46,219,30
470,0,1,202,47,220,29
471,1,1,202,47,221,28
472,2,1,202,47,222,27
473,3,1,202,47,223,26
474,4,1,202,47,224,25
475,5,1,202,47,225,24
476,6,1,202,47,226,23
477,7,1,202,47,227,22
478,8,1,202,47,228,21
479,9,1,202,47,229,20
480,0,1,201,48,230,19
481,1,1,201,48,231,18
482,2,1,201,48,232,17
483,3,1,201,48,233,16
484,4,1,201,48,234,15
485,5,1,201,48,235,14
486,6,1,201,48,236,13
487,7,1,201,48,237,12
488,8,1,201,48,238,11
489,9,1,201,48,239,10
490,0,1,200,49,240,9
491,1,1,200,49,241,8
492,2,1,200,49,242,7
493,3,1,200,49,243,6
494,4,1,200,49,244,5
495,5,1,200,49,245,4
496,6,1,200,49,246,3
497,7,1,200,49,247,2
498,8,1,200,49,248,1
499,9,1,200,49,249,0
500,0,2,199,50,0,249
501,1,2,199,50,1,248
502,2,2,199,50,2,247
503,3,2,199,50,3,246
504,4,2,199,50,4,245
505,5,2,199,50,5,244
506,6,2,199,50,6,243
507,7,2,199,50,7,242
508,8,2,199,50,8,241
509,9,2,199,50,9,240
510,0,2,198,51,10,239
511,1,2,198,51,11,238
512,2,2,198,51,12,237
513,3,2,198,51,13,236
514,4,2,198,51,14,235
515,5,2,198,51,15,234
516,6,2,198,51,16,233
517,7,2,198,51,17,232
518,8,2,198,51,18,231
519,9,2,198,51,19,230
520,0,2,197,52,20,229
521,1,2,197,52,21,228
522,2,2,197,52,22,227
523,3,2,197,52,23,226
524,4,2,197,52,24,225
525,5,2,197,52,25,224
526,6,2,197,52,26,223
527,7,2,197,52,27,222
528,8,2,197,52,28,221
529,9,2,197,52,29,220
530,0,2,196,53,30,219
531,1,2,196,53,31,218
532,2,2,196,53,32,217
533,3,2,196,53,33,216
534,4,2,196,53,34,215
535,5,2,196,53,35,214
536,6,2,196,53,36,213
537,7,2,196,53,37,212
538,8,2,196,53,38,211
539,9,2,196,53,39,210
540,0,2,195,54,40,209
541,1,2,195,54,41,208
542,2,2,195,54,42,207
543,3,2,195,54,43,206
544,4,2,195,54,44,205
545,5,2,195,54,45,204
546,6,2,195,54,46,203
547,7,2,195,54,47,202
548,8,2,195,54,48,201
549,9,2,195,54,49,200
550,0,2,194,55,50,199
551,1,2,194,55,51,198
552,2,2,194,55,52,197
553,3,2,194,55,53,196
554,4,2,194,55,54,195
555,5,2,194,55,55,194
556,6,2,194,55,56,193
557,7,2,194,55,57,192
558,8,2,194,55,58,191
559,9,2,194,55,59,190
560,0,2,193,56,60,189
561,1,2,193,56,61,188
562,2,2,193,56,62,187
563,3,2,193,56,63,186
564,4,2,193,56,64,185
565,5,2,193,56,65,184
566,6,2,193,56,66,183
567,7,2,193,56,67,182
568,8,2,193,56,68,181
569,9,2,193,56,69,180
570,0,2,192,57,70,179
571,1,2,192,57,71,178
572,2,2,192,57,72,177
573,3,2,192,57,73,176
574,4,2,192,57,74,175
575,5,2,192,57,75,174
576,6,2,192,57,76,173
577,7,2,192,57,77,172
578,8,2,192,57,78,171
579,9,2,192,57,79,170
580,0,2,191,58,80,169
581,1,2,191,58,81,168
582,2,2,191,58,82,167
583,3,2,191,58,83,166
584,4,2,191,58,84,165
585,5,2,191,58,85,164
586,6,2,191,58,86,163
587,7,2,191,58,87,162
588,8,2,191,58,88,161
589,9,2,191,58,89,160
590,0,2,190,59,90,159
591,1,2,190,59,91,158
592,2,2,190,59,92,157
593,3,2,190,59,93,156
594,4,2,190,59,94,155
595,5,2,190,59,95,154
596,6,2,190,59,96,153
597,7,2,190,59,97,152
598,8,2,190,59,98,151
599,9,2,190,59,99,150
600,0,2,189,60,100,149
601,1,2,189,60,101,148
602,2,2,189,60,102,147
603,3,2,189,60,103,146
604,4,2,189,60,104,145
605,5,2,189,60,105,144
606,6,2,189,60,106,143
607,7,2,189,60,107,142
608,8,2,189,60,108,141
609,9,2,189,60,109,140
610,0,2,188,61,110,139
611,1,2,188,61,111,138
612,2,2,188,61,112,137
613,3,2,188,61,113,136
614,4,2,188,61,114,135
615,5,2,188,61,115,134
616,6,2,188,61,116,133
617,7,2,188,61,117,132
618,8,2,188,61,118,131
619,9,2,188,61,119,130
620,0,2,187,62,120,129
621,1,2,187,62,121,128
622,2,2,187,62,122,127
623,3,2,187,62,123,126
624,4,2,187,62,124,125
625,5,2,187,62,125,124
626,6,2,187,62,126,123
627,7,2,187,62,127,122
628,8,2,187,62,128,121
629,9,2,187,62,129,120
630,0,2,186,63,130,119
631,1,2,186,63,131,118
632,2,2,186,63,132,117
633,3,2,186,63,133,116
634,4,2,186,63,134,115
635,5,2,186,63,135,114
636,6,2,186,63,136,113
637,7,2,186,63,137,112
638,8,2,186,63,138,111
639,9,2,186,63,139,110
640,0,2,185,64,140,109
641,1,2,185,64,141,108
642,2,2,185,64,142,107
643,3,2,185,64,143,106
644,4,2,185,64,144,105
645,5,2,185,64,145,104
646,6,2,185,64,146,103
647,7,2,185,64,147,102
648,8,2,185,64,148,101
649,9,2,185,64,149,100
650,0,2,184,65,150,99
651,1,2,184,65,151,98
652,2,2,184,65,152,97
653,3,2,184,65,153,96
654,4,2,184,65,154,95
655,5,2,184,65,155,94
656,6,2,184,65,156,93
657,7,2,184,65,157,92
658,8,2,184,65,158,91
659,9,2,184,65,159,90
660,0,2,183,66,160,89
661,1,2,183,66,161,88
662,2,2,183,66,162,87
663,3,2,183,66,163,86
664,4,2,183,66,164,85
665,5,2,183,66,165,84
666,6,2,183,66,166,83
667,7,2,183,66,167,82
668,8,2,183,66,168,81
669,9,2,183,66,169,80
670,0,2,182,67,170,79
671,1,2,182,67,171,78
672,2,2,182,67,172,77
673,3,2,182,67,173,76
674,4,2,182,67,174,75
675,5,2,182,67,175,74
676,6,2,182,67,176,73
677,7,2,182,67,177,72
678,8,2,182,67,178,71
679,9,2,182,67,179,70
680,0,2,181,68,180,69
681,1,2,181,68,181,68
682,2,2,181,68,182,67
683,3,2,181,68,183,66
684,4,2,181,68,184,65
685,5,2,181,68,185,64
686,6,2,181,68,186,63
687,7,2,181,68,187,62
688,8,2,181,68,188,61
689,9,2,181,68,189,60
690,0,2,180,69,190,59
691,1,2,180,69,191,58
692,2,2,180,69,192,57
693,3,2,180,69,193,56
694,4,2,180,69,194,55
695,5,2,180,69,195,54
696,6,2,180,69,196,53
697,7,2,180,69,197,52
698,8,2,180,69,198,51
699,9,2,180,69,199,50
700,0,2,179,70,200,49
701,1,2,179,70,201,48
702,2,2,179,70,202,47
703,3,2,179,70,203,46
704,4,2,179,70,204,45
705,5,2,179,70,205,44
706,6,2,179,70,206,43
707,7,2,179,70,207,42
708,8,2,179,70,208,41
709,9,2,179,70,209,40
710,0,2,178,71,210,39
711,1,2,178,71,211,38
712,2,2,178,71,212,37
713,3,2,178,71,213,36
714,4,2,178,71,214,35
715,5,2,178,71,215,34
716,6,2,178,71,216,33
717,7,2,178,71,217,32
718,8,2,178,71,218,31
719,9,2,178,71,219,30
720,0,2,177,72,220,29
721,1,2,177,72,221,28
722,2,2,177,72,222,27
723,3,2,177,72,223,26
724,4,2,177,72,224,25
725,5,2,177,72,225,24
726,6,2,177,72,226,23
727,7,2,177,72,227,22
728,8,2,177,72,228,21
729,9,2,177,72,229,20
730,0,2,176,73,230,19
731,1,2,176,73,231,18
732,2,2,176,73,232,17
733,3,2,176,73,233,16
734,4,2,176,73,234,15
735,5,2,176,73,235,14
736,6,2,176,73,236,13
737,7,2,176,73,237,12
738,8,2,176,73,238,11
739,9,2,176,73,239,10
740,0,2,175,74,240,9
741,1,2,175,74,241,8
742,2,2,175,74,242,7
743,3,2,175,74,243,6
744,4,2,175,74,244,5
745,5,2,175,74,245,4
746,6,2,175,74,246,3
747,7,2,175,74,247,2
748,8,2,175,74,248,1
749,9,2,175,74,249,0
750,0,3,174,75,0,249
751,1,3,174,75,1,248
752,2,3,174,75,2,247
753,3,3,174,75,3,246
754,4,3,174,75,4,245
755,5,3,174,75,5,244
756,6,3,174,75,6,243
757,7,3,174,75,7,242
758,8,3,174,75,8,241
759,9,3,174,75,9,240
760,0,3,173,76,10,239
761,1,3,173,76,11,238
762,2,3,173,76,12,237
763,3,3,173,76,13,236
764,4,3,173,76,14,235
765,5,3,173,76,15,234
766,6,3,173,76,16,233
767,7,3,173,76,17,232
768,8,3,173,76,18,231
769,9,3,173,76,19,230
770,0,3,172,77,20,229
771,1,3,172,77,21,228
772,2,3,172,77,22,227
773,3,3,172,77,23,226
774,4,3,172,77,24,225
775,5,3,172,77,25,224
776,6,3,172,77,26,223
777,7,3,172,77,27,222
778,8,3,172,77,28,221
779,9,3,172,77,29,220
780,0,3,171,78,30,219
781,1,3,171,78,31,218
782,2,3,171,78,32,217
783,3,3,171,78,33,216
784,4,3,171,78,34,215
785,5,3,171,78,35,214
786,6,3,171,78,36,213
787,7,3,171,78,37,212
788,8,3,171,78,38,211
789,9,3,171,78,39,210
790,0,3,170,79,40,209
791,1,3,170,79,41,208
792,2,3,170,79,42,207
793,3,3,170,79,43,206
794,4,3,170,79,44,205
795,5,3,170,79,45,204
796,6,3,170,79,46,203
797,7,3,170,79,47,202
798,8,3,170,79,48,201
799,9,3,170,79,49,200
800,0,3,169,80,50,199
801,1,3,169,80,51,198
802,2,3,169,80,52,197
803,3,3,169,80,53,196
804,4,3,169,80,54,195
805,5,3,169,80,55,194
806,6,3,169,80,56,193
807,7,3,169,80,57,192
808,8,3,169,80,58,191
809,9,3,169,80,59,190
810,0,3,168,81,60,189
811,1,3,168,81,61,188
812,2,3,168,81,62,187
813,3,3,168,81,63,186
814,4,3,168,81,64,185
815,5,3,168,81,65,184
816,6,3,168,81,66,183
817,7,3,168,81,67,182
818,8,3,168,81,68,181
819,9,3,168,81,69,180
820,0,3,167,82,70,179
821,1,3,167,82,71,178
822,2,3,167,82,72,177
823,3,3,167,82,73,176
824,4,3,167,82,74,175
825,5,3,167,82,75,174
826,6,3,167,82,76,173
827,7,3,167,82,77,172
828,8,3,167,82,78,171
829,9,3,167,82,79,170
830,0,3,166,83,80,169
831,1,3,166,83,81,168
832,2,3,166,83,82,167
833,3,3,166,83,83,166
834,4,3,166,83,84,165
835,5,3,166,83,85,164
836,6,3,166,83,86,163
837,7,3,166,83,87,162
838,8,3,166,83,88,161
839,9,3,166,83,89,160
840,0,3,165,84,90,159
841,1,3,165,84,91,158
842,2,3,165,84,92,157
843,3,3,165,84,93,156
844,4,3,165,84,94,155
845,5,3,165,84,95,154
846,6,3,165,84,96,153
847,7,3,165,84,97,152
848,8,3,165,84,98,151
849,9,3,165,84,99,150
850,0,3,164,85,100,149
851,1,3,164,85,101,148
852,2,3,164,85,102,147
853,3,3,164,85,103,146
854,4,3,164,85,104,145
855,5,3,164,85,105,144
856,6,3,164,85,106,143
857,7,3,164,85,107,142
858,8,3,164,85,108,141
859,9,3,164,85,109,140
860,0,3,163,86,110,139
861,1,3,163,86,111,138
862,2,3,163,86,112,137
863,3,3,163,86,113,136
864,4,3,163,86,114,135
865,5,3,163,86,115,134
866,6,3,163,86,116,133
867,7,3,163,86,117,132
868,8,3,163,86,118,131
869,9,3,163,86,119,130
870,0,3,162,87,120,129
871,1,3,162,87,121,128
872,2,3,162,87,122,127
873,3,3,162,87,123,126
874,4,3,162,87,124,125
875,5,3,162,87,125,124
876,6,3,162,87,126,123
877,7,3,162,87,127,122
878,8,3,162,87,128,121
879,9,3,162,87,129,120
880,0,3,161,88,130,119
881,1,3,161,88,131,118
882,2,3,161,88,132,117
883,3,3,161,88,133,116
884,4,3,161,88,134,115
885,5,3,161,88,135,114
886,6,3,161,88,136,113
887,7,3,161,88,137,112
888,8,3,161,88,138,111
889,9,3,161,88,139,110
890,0,3,160,89,140,109
891,1,3,160,89,141,108
892,2,3,160,89,142,107
893,3,3,160,89,143,106
894,4,3,160,89,144,105
895,5,3,160,89,145,104
896,6,3,160,89,146,103
897,7,3,160,89,147,102
898,8,3,160,89,148,101
899,9,3,160,89,149,100
900,0,3,159,90,150,99
901,1,3,159,90,151,98
902,2,3,159,90,152,97
903,3,3,159,90,153,96
904,4,3,159,90,154,95
905,5,3,159,90,155,94
906,6,3,159,90,156,93
907,7,3,159,90,157,92
908,8,3,159,90,158,91
909,9,3,159,90,159,90
910,0,3,158,91,160,89
911,1,3,158,91,161,88
912,2,3,158,91,162,87
913,3,3,158,91,163,86
914,4,3,158,91,164,85
915,5,3,158,91,165,84
916,6,3,158,91,166,83
917,7,3,158,91,167,82
918,8,3,158,91,168,81
919,9,3,158,91,169,80
920,0,3,157,92,170,79
921,1,3,157,92,171,78
922,2,3,157,92,172,77
923,3,3,157,92,173,76
924,4,3,157,92,174,75
925,5,3,157,92,175,74
926,6,3,157,92,176,73
927,7,3,157,92,177,72
928,8,3,157,92,178,71
929,9,3,157,92,179,70
930,0,3,156,93,180,69
931,1,3,156,93,181,68
932,2,3,156,93,182,67
933,3,3,156,93,183,66
934,4,3,156,93,184,65
935,5,3,156,93,185,64
936,6,3,156,93,186,63
937,7,3,156,93,187,62
938,8,3,156,93,188,61
939,9,3,156,93,189,60
940,0,3,155,94,190,59
941,1,3,155,94,191,58
942,2,3,155,94,192,57
943,3,3,155,94,193,56
944,4,3,155,94,194,55
945,5,3,155,94,195,54
946,6,3,155,94,196,53
947,7,3,155,94,197,52
948,8,3,155,94,198,51
949,9,3,155,94,199,50
950,0,3,154,95,200,49
951,1,3,154,95,201,48
952,2,3,154,95,202,47
953,3,3,154,95,203,46
954,4,3,154,95,204,45
955,5,3,154,95,205,44
956,6,3,154,95,206,43
957,7,3,154,95,207,42
958,8,3,154,95,208,41
959,9,3,154,95,209,40
960,0,3,153,96,210,39
961,1,3,153,96,211,38
962,2,3,153,96,212,37
963,3,3,153,96,213,36
964,4,3,153,96,214,35
965,5,3,153,96,215,34
966,6,3,153,96,216,33
967,7,3,153,96,217,32
968,8,3,153,96,218,31
969,9,3,153,96,219,30
970,0,3,152,97,220,29
971,1,3,152,97,221,28
972,2,3,152,97,222,27
973,3,3,152,97,223,26
974,4,3,152,97,224,25
975,5,3,152,97,225,24
976,6,3,152,97,226,23
977,7,3,152,97,227,22
978,8,3,152,97,228,21
979,9,3,152,97,229,20
980,0,3,151,98,230,19
981,1,3,151,98,231,18
982,2,3,151,98,232,17
983,3,3,151,98,233,16
984,4,3,151,98,234,15
985,5,3,151,98,235,14
986,6,3,151,98,236,13
987,7,3,151,98,237,12
988,8,3,151,98,238,11
989,9,3,151,98,239,10
990,0,3,150,99,240,9
991,1,3,150,99,241,8
992,2,3,150,99,242,7
993,3,3,150,99,243,6
994,4,3,150,99,244,5
995,5,3,150,99,245,4
996,6,3,150,99,246,3
997,7,3,150,99,247,2
998,8,3,150,99,248,1
999,9,3,150,99,249,0
1000,0,4,149,100,0,249
1001,1,4,149,100,1,248
1002,2,4,149,100,2,247
1003,3,4,149,100,3,246
1004,4,4,149,100,4,245
1005,5,4,149,100,5,244
1006,6,4,149,100,6,243
1007,7,4,149,100,7,242
1008,8,4,149,100,8,241
1009,9,4,149,100,9,240
1010,0,4,148,101,10,239
1011,1,4,148,101,11,238
1012,2,4,148,101,12,237
1013,3,4,148,101,13,236
1014,4,4,148,101,14,235
1015,5,4,148,101,15,234
1016,6,4,148,101,16,233
1017,7,4,148,101,17,232
1018,8,4,148,101,18,231
1019,9,4,148,101,19,230
1020,0,4,147,102,20,229
1021,1,4,147,102,21,228
1022,2,4,147,102,22,227
1023,3,4,147,102,23,226
1024,4,4,147,102,24,225
1025,5,4,147,102,25,224
1026,6,4,147,102,26,223
1027,7,4,147,102,27,222
1028,8,4,147,102,28,221
1029,9,4,147,102,29,220
1030,0,4,146,103,30,219
1031,1,4,146,103,31,218
1032,2,4,146,103,32,217
1033,3,4,146,103,33,216
1034,4,4,146,103,34,215
1035,5,4,146,103,35,214
1036,6,4,146,103,36,213
1037,7,4,146,103,37,212
1038,8,4,146,103,38,211
1039,9,4,146,103,39,210
1040,0,4,145,104,40,209
1041,1,4,145,104,41,208
1042,2,4,145,104,42,207
1043,3,4,145,104,43,206
1044,4,4,145,104,44,205
1045,5,4,145,104,45,204
1046,6,4,145,104,46,203
1047,7,4,145,104,47,202
1048,8,4,145,104,48,201
1049,9,4,145,104,49,200
1050,0,4,144,105,50,199
1051,1,4,144,105,51,198
1052,2,4,144,105,52,197
1053,3,4,144,105,53,196
1054,4,4,144,105,54,195
1055,5,4,144,105,55,194
1056,6,4,144,105,56,193
1057,7,4,144,105,57,192
1058,8,4,144,105,58,191
1059,9,4,144,105,59,190
1060,0,4,143,106,60,189
1061,1,4,143,106,61,188
1062,2,4,143,106,62,187
1063,3,4,143,106,63,186
1064,4,4,143,106,64,185
1065,5,4,143,106,65,184
1066,6,4,143,106,66,183
1067,7,4,143,106,67,182
1068,8,4,143,106,68,181
1069,9,4,143,106,69,180
1070,0,4,142,107,70,179
1071,1,4,142,107,71,178
1072,2,4,142,107,72,177
1073,3,4,142,107,73,176
1074,4,4,142,107,74,175
1075,5,4,142,107,75,174
1076,6,4,142,107,76,173
1077,7,4,142,107,77,172
1078,8,4,142,107,78,171
1079,9,4,142,107,79,170
1080,0,4,141,108,80,169
1081,1,4,141,108,81,168
1082,2,4,141,108,82,167
1083,3,4,141,108,83,166
1084,4,4,141,108,84,165
1085,5,4,141,108,85,164
1086,6,4,141,108,86,163
1087,7,4,141,108,87,162
1088,8,4,141,108,88,161
1089,9,4,141,108,89,160
1090,0,4,140,109,90,159
1091,1,4,140,109,91,158
1092,2,4,140,109,92,157
1093,3,4,140,109,93,156
1094,4,4,140,109,94,155
1095,5,4,140,109,95,154
1096,6,4,140,109,96,153
1097,7,4,140,109,97,152
1098,8,4,140,109,98,151
1099,9,4,140,109,99,150
1100,0,4,139,110,100,149
1101,1,4,139,110,101,148
1102,2,4,139,110,102,147
1103,3,4,139,110,103,146
1104,4,4,139,110,104,145
1105,5,4,139,110,105,144
1106,6,4,139,110,106,143
1107,7,4,139,110,107,142
1108,8,4,139,110,108,141
1109,9,4,139,110,109,140
1110,0,4,138,111,110,139
1111,1,4,138,111,111,138
1112,2,4,138,111,112,137
1113,3,4,138,111,113,136
1114,4,4,138,111,114,135
1115,5,4,138,111,115,134
1116,6,4,138,111,116,133
1117,7,4,138,111,117,132
1118,8,4,138,111,118,131
1119,9,4,138,111,119,130
1120,0,4,137,112,120,129
1121,1,4,137,112,121,128
1122,2,4,137,112,122,127
1123,3,4,137,112,123,126
1124,4,4,137,112,124,125
1125,5,4,137,112,125,124
1126,6,4,137,112,126,123
1127,7,4,137,112,127,122
1128,8,4,137,112,128,121
1129,9,4,137,112,129,120
1130,0,4,136,113,130,119
1131,1,4,136,113,131,118
1132,2,4,136,113,132,117
1133,3,4,136,113,133,116
1134,4,4,136,113,134,115
1135,5,4,136,113,135,114
1136,6,4,136,113,136,113
1137,7,4,136,113,137,112
1138,8,4,136,113,138,111
1139,9,4,136,113,139,110
1140,0,4,135,114,140,109
1141,1,4,135,114,141,108
1142,2,4,135,114,142,107
1143,3,4,135,114,143,106
1144,4,4,135,114,144,105
1145,5,4,135,114,145,104
1146,6,4,135,114,146,103
1147,7,4,135,114,147,102
1148,8,4,135,114,148,101
1149,9,4,135,114,149,100
1150,0,4,134,115,150,99
1151,1,4,134,115,151,98
1152,2,4,134,115,152,97
1153,3,4,134,115,153,96
1154,4,4,134,115,154,95
1155,5,4,134,115,155,94
1156,6,4,134,115,156,93
1157,7,4,134,115,157,92
1158,8,4,134,115,158,91
1159,9,4,134,115,159,90
1160,0,4,133,116,160,89
1161,1,4,133,116,161,88
1162,2,4,133,116,162,87
1163,3,4,133,116,163,86
1164,4,4,133,116,164,85
1165,5,4,133,116,165,84
1166,6,4,133,116,166,83
1167,7,4,133,116,167,82
1168,8,4,133,116,168,81
1169,9,4,133,116,169,80
1170,0,4,132,117,170,79
1171,1,4,132,117,171,78
1172,2,4,132,117,172,77
1173,3,4,132,117,173,76
1174,4,4,132,117,174,75
1175,5,4,132,117,175,74
1176,6,4,132,117,176,73
1177,7,4,132,117,177,72
1178,8,4,132,117,178,71
1179,9,4,132,117,179,70
1180,0,4,131,118,180,69
1181,1,4,131,118,181,68
1182,2,4,131,118,182,67
1183,3,4,131,118,183,66
1184,4,4,131,118,184,65
1185,5,4,131,118,185,64
1186,6,4,131,118,186,63
1187,7,4,131,118,187,62
1188,8,4,131,118,188,61
1189,9,4,131,118,189,60
1190,0,4,130,119,190,59
1191,1,4,130,119,191,58
1192,2,4,130,119,192,57
1193,3,4,130,119,193,56
1194,4,4,130,119,194,55
1195,5,4,130,119,195,54
1196,6,4,130,119,196,53
1197,7,4,130,119,197,52
1198,8,4,130,119,198,51
1199,9,4,130,119,199,50
1200,0,4,129,120,200,49
1201,1,4,129,120,201,48
1202,2,4,129,120,202,47
1203,3,4,129,120,203,46
1204,4,4,129,120,204,45
1205,5,4,129,120,205,44
1206,6,4,129,120,206,43
1207,7,4,129,120,207,42
1208,8,4,129,120,208,41
1209,9,4,129,120,209,40
1210,0,4,128,121,210,39
1211,1,4,128,121,211,38
1212,2,4,128,121,212,37
1213,3,4,128,121,213,36
1214,4,4,128,121,214,35
1215,5,4,128,121,215,34
1216,6,4,128,121,216,33
1217,7,4,128,121,217,32
1218,8,4,128,121,218,31
1219,9,4,128,121,219,30
1220,0,4,127,122,220,29
1221,1,4,127,122,221,28
1222,2,4,127,122,222,27
1223,3,4,127,122,223,26
1224,4,4,127,122,224,25
1225,5,4,127,122,225,24
1226,6,4,127,122,226,23
1227,7,4,127,122,227,22
1228,8,4,127,122,228,21
1229,9,4,127,122,229,20
1230,0,4,126,123,230,19
1231,1,4,126,123,231,18
1232,2,4,126,123,232,17
1233,3,4,126,123,233,16
1234,4,4,126,123,234,15
1235,5,4,126,123,235,14
1236,6,4,126,123,236,13
1237,7,4,126,123,237,12
1238,8,4,126,123,238,11
1239,9,4,126,123,239,10
1240,0,4,125,124,240,9
1241,1,4,125,124,241,8
1242,2,4,125,124,242,7
1243,3,4,125,124,243,6
1244,4,4,125,124,244,5
1245,5,4,125,124,245,4
1246,6,4,125,124,246,3
1247,7,4,125,124,247,2
1248,8,4,125,124,248,1
1249,9,4,125,124,249,0
1250,0,5,124,125,0,249
1251,1,5,124,125,1,248
1252,2,5,124,125,2,247
1253,3,5,124,125,3,246
1254,4,5,124,125,4,245
1255,5,5,124,125,5,244
1256,6,5,124,125,6,243
1257,7,5,124,125,7,242
1258,8,5,124,125,8,241
1259,9,5,124,125,9,240
1260,0,5,123,126,10,239
1261,1,5,123,126,11,238
1262,2,5,123,126,12,237
1263,3,5,123,126,13,236
1264,4,5,123,126,14,235
1265,5,5,123,126,15,234
1266,6,5,123,126,16,233
1267,7,5,123,126,17,232
1268,8,5,123,126,18,231
1269,9,5,123,126,19,230
1270,0,5,122,127,20,229
1271,1,5,122,127,21,228
1272,2,5,122,127,22,227
1273,3,5,122,127,23,226
1274,4,5,122,127,24,225
1275,5,5,122,127,25,224
1276,6,5,122,127,26,223
1277,7,5,122,127,27,222
1278,8,5,122,127,28,221
1279,9,5,122,127,29,220
1280,0,5,121,128,30,219
1281,1,5,121,128,31,218
1282,2,5,121,128,32,217
1283,3,5,121,128,33,216
1284,4,5,121,128,34,215
1285,5,5,121,128,35,214
1286,6,5,121,128,36,213
1287,7,5,121,128,37,212
1288,8,5,121,128,38,211
1289,9,5,121,128,39,210
1290,0,5,120,129,40,209
1291,1,5,120,129,41,208
1292,2,5,120,129,42,207
1293,3,5,120,129,43,206
1294,4,5,120,129,44,205
1295,5,5,120,129,45,204
1296,6,5,120,129,46,203
1297,7,5,120,129,47,202
1298,8,5,120,129,48,201
1299,9,5,120,129,49,200
1300,0,5,119,130,50,199
1301,1,5,119,130,51,198
1302,2,5,119,130,52,197
1303,3,5,119,130,53,196
1304,4,5,119,130,54,195
1305,5,5,119,130,55,194
1306,6,5,119,130,56,193
1307,7,5,119,130,57,192
1308,8,5,119,130,58,191
1309,9,5,119,130,59,190
1310,0,5,118,131,60,189
1311,1,5,118,131,61,188
1312,2,5,118,131,62,187
1313,3,5,118,131,63,186
1314,4,5,118,131,64,185
1315,5,5,118,131,65,184
1316,6,5,118,131,66,183
1317,7,5,118,131,67,182
1318,8,5,118,131,68,181
1319,9,5,118,131,69,180
1320,0,5,117,132,70,179
1321,1,5,117,132,71,178
1322,2,5,117,132,72,177
1323,3,5,117,132,73,176
1324,4,5,117,132,74,175
1325,5,5,117,132,75,174
1326,6,5,117,132,76,173
1327,7,5,117,132,77,172
1328,8,5,117,132,78,171
1329,9,5,117,132,79,170
1330,0,5,116,133,80,169
1331,1,5,116,133,81,168
1332,2,5,116,133,82,167
1333,3,5,116,133,83,166
1334,4,5,116,133,84,165
1335,5,5,116,133,85,164
1336,6,5,116,133,86,163
1337,7,5,116,133,87,162
1338,8,5,116,133,88,161
1339,9,5,116,133,89,160
1340,0,5,115,134,90,159
1341,1,5,115,134,91,158
1342,2,5,115,134,92,157
1343,3,5,115,134,93,156
1344,4,5,115,134,94,155
1345,5,5,115,134,95,154
1346,6,5,115,134,96,153
1347,7,5,115,134,97,152
1348,8,5,115,134,98,151
1349,9,5,115,134,99,150
1350,0,5,114,135,100,149
1351,1,5,114,135,101,148
1352,2,5,114,135,102,147
1353,3,5,114,135,103,146
1354,4,5,114,135,104,145
1355,5,5,114,135,105,144
1356,6,5,114,135,106,143
1357,7,5,114,135,107,142
1358,8,5,114,135,108,141
1359,9,5,114,135,109,140
1360,0,5,113,136,110,139
1361,1,5,113,136,111,138
1362,2,5,113,136,112,137
1363,3,5,113,136,113,136
1364,4,5,113,136,114,135
1365,5,5,113,136,115,134
1366,6,5,113,136,116,133
1367,7,5,113,136,117,132
1368,8,5,113,136,118,131
1369,9,5,113,136,119,130
1370,0,5,112,137,120,129
1371,1,5,112,137,121,128
1372,2,5,112,137,122,127
1373,3,5,112,137,123,126
1374,4,5,112,137,124,125
1375,5,5,112,137,125,124
1376,6,5,112,137,126,123
1377,7,5,112,137,127,122
1378,8,5,112,137,128,121
1379,9,5,112,137,129,120
1380,0,5,111,138,130,119
1381,1,5,111,138,131,118
1382,2,5,111,138,132,117
1383,3,5,111,138,133,116
1384,4,5,111,138,134,115
1385,5,5,111,138,135,114
1386,6,5,111,138,136,113
1387,7,5,111,138,137,112
1388,8,5,111,138,138,111
1389,9,5,111,138,139,110
1390,0,5,110,139,140,109
1391,1,5,110,139,141,108
1392,2,5,110,139,142,107
1393,3,5,110,139,143,106
1394,4,5,110,139,144,105
1395,5,5,110,139,145,104
1396,6,5,110,139,146,103
1397,7,5,110,139,147,102
1398,8,5,110,139,148,101
1399,9,5,110,139,149,100
1400,0,5,109,140,150,99
1401,1,5,109,140,151,98
1402,2,5,109,140,152,97
1403,3,5,109,140,153,96
1404,4,5,109,140,154,95
1405,5,5,109,140,155,94
1406,6,5,109,140,156,93
1407,7,5,109,140,157,92
1408,8,5,109,140,158,91
1409,9,5,109,140,159,90
1410,0,5,108,141,160,89
1411,1,5,108,141,161,88
1412,2,5,108,141,162,87
1413,3,5,108,141,163,86
1414,4,5,108,141,164,85
1415,5,5,108,141,165,84
1416,6,5,108,141,166,83
1417,7,5,108,141,167,82
1418,8,5,108,141,168,81
1419,9,5,108,141,169,80
1420,0,5,107,142,170,79
1421,1,5,107,142,171,78
1422,2,5,107,142,172,77
1423,3,5,107,142,173,76
1424,4,5,107,142,174,75
1425,5,5,107,142,175,74
1426,6,5,107,142,176,73
1427,7,5,107,142,177,72
1428,8,5,107,142,178,71
1429,9,5,107,142,179,70
1430,0,5,106,143,180,69
1431,1,5,106,143,181,68
1432,2,5,106,143,182,67
1433,3,5,106,143,183,66
1434,4,5,106,143,184,65
1435,5,5,106,143,185,64
1436,6,5,106,143,186,63
1437,7,5,106,143,187,62
1438,8,5,106,143,188,61
1439,9,5,106,143,189,60
1440,0,5,105,144,190,59
1441,1,5,105,144,191,58
1442,2,5,105,144,192,57
1443,3,5,105,144,193,56
1444,4,5,105,144,194,55
1445,5,5,105,144,195,54
1446,6,5,105,144,196,53
1447,7,5,105,144,197,52
1448,8,5,105,144,198,51
1449,9,5,105,144,199,50
1450,0,5,104,145,200,49
1451,1,5,104,145,201,48
1452,2,5,104,145,202,47
1453,3,5,104,145,203,46
1454,4,5,104,145,204,45
1455,5,5,104,145,205,44
1456,6,5,104,145,206,43
1457,7,5,104,145,207,42
1458,8,5,104,145,208,41
1459,9,5,104,145,209,40
1460,0,5,103,146,210,39
1461,1,5,103,146,211,38
1462,2,5,103,146,212,37
1463,3,5,103,146,213,36
1464,4,5,103,146,214,35
1465,5,5,103,146,215,34
1466,6,5,103,146,216,33
1467,7,5,103,146,217,32
1468,8,5,103,146,218,31
1469,9,5,103,146,219,30
1470,0,5,102,147,220,29
1471,1,5,102,147,221,28
1472,2,5,102,147,222,27
1473,3,5,102,147,223,26
1474,4,5,102,147,224,25
1475,5,5,102,147,225,24
1476,6,5,102,147,226,23
1477,7,5,102,147,227,22
1478,8,5,102,147,228,21
1479,9,5,102,147,229,20
1480,0,5,101,148,230,19
1481,1,5,101,148,231,18
1482,2,5,101,148,232,17
1483,3,5,101,148,233,16
1484,4,5,101,148,234,15
1485,5,5,101,148,235,14
1486,6,5,101,148,236,13
1487,7,5,101,148,237,12
1488,8,5,101,148,238,11
1489,9,5,101,148,239,10
1490,0,5,100,149,240,9
1491,1,5,100,149,241,8
1492,2,5,100,149,242,7
1493,3,5,100,149,243,6
1494,4,5,100,149,244,5
1495,5,5,100,149,245,4
1496,6,5,100,149,246,3
1497,7,5,100,149,247,2
1498,8,5,100,149,248,1
1499,9,5,100,149,249,0
1500,0,6,99,150,0,249
1501,1,6,99,150,1,248
1502,2,6,99,150,2,247
1503,3,6,99,150,3,246
1504,4,6,99,150,4,245
1505,5,6,99,150,5,244
1506,6,6,99,150,6,243
1507,7,6,99,150,7,242
1508,8,6,99,150,8,241
1509,9,6,99,150,9,240
1510,0,6,98,151,10,239
1511,1,6,98,151,11,238
1512,2,6,98,151,12,237
1513,3,6,98,151,13,236
1514,4,6,98,151,14,235
1515,5,6,98,151,15,234
1516,6,6,98,151,16,233
1517,7,6,98,151,17,232
1518,8,6,98,151,18,231
1519,9,6,98,151,19,230
1520,0,6,97,152,20,229
1521,1,6,97,152,21,228
1522,2,6,97,152,22,227
1523,3,6,97,152,23,226
1524,4,6,97,152,24,225
1525,5,6,97,152,25,224
1526,6,6,97,152,26,223
1527,7,6,97,152,27,222
1528,8,6,97,152,28,221
1529,9,6,97,152,29,220
1530,0,6,96,153,30,219
1531,1,6,96,153,31,218
1532,2,6,96,153,32,217
1533,3,6,96,153,33,216
1534,4,6,96,153,34,215
1535,5,6,96,153,35,214
1536,6,6,96,153,36,213
1537,7,6,96,153,37,212
1538,8,6,96,153,38,211
1539,9,6,96,153,39,210
1540,0,6,95,154,40,209
1541,1,6,95,154,41,208
1542,2,6,95,154,42,207
1543,3,6,95,154,43,206
1544,4,6,95,154,44,205
1545,5,6,95,154,45,204
1546,6,6,95,154,46,203
1547,7,6,95,154,47,202
1548,8,6,95,154,48,201
1549,9,6,95,154,49,200
1550,0,6,94,155,50,199
1551,1,6,94,155,51,198
1552,2,6,94,155,52,197
1553,3,6,94,155,53,196
1554,4,6,94,155,54,195
1555,5,6,94,155,55,194
1556,6,6,94,155,56,193
1557,7,6,94,155,57,192
1558,8,6,94,155,58,191
1559,9,6,94,155,59,190
1560,0,6,93,156,60,189
1561,1,6,93,156,61,188
1562,2,6,93,156,62,187
1563,3,6,93,156,63,186
1564,4,6,93,156,64,185
1565,5,6,93,156,65,184
1566,6,6,93,156,66,183
1567,7,6,93,156,67,182
1568,8,6,93,156,68,181
1569,9,6,93,156,69,180
1570,0,6,92,157,70,179
1571,1,6,92,157,71,178
1572,2,6,92,157,72,177
1573,3,6,92,157,73,176
1574,4,6,92,157,74,175
1575,5,6,92,157,75,174
1576,6,6,92,157,76,173
1577,7,6,92,157,77,172
1578,8,6,92,157,78,171
1579,9,6,92,157,79,170
1580,0,6,91,158,80,169
1581,1,6,91,158,81,168
1582,2,6,91,158,82,167
1583,3,6,91,158,83,166
1584,4,6,91,158,84,165
1585,5,6,91,158,85,164
1586,6,6,91,158,86,163
1587,7,6,91,158,87,162
1588,8,6,91,158,88,161
1589,9,6,91,158,89,160
1590,0,6,90,159,90,159
1591,1,6,90,159,91,158
1592,2,6,90,159,92,157
1593,3,6,90,159,93,156
1594,4,6,90,159,94,155
1595,5,6,90,159,95,154
1596,6,6,90,159,96,153
1597,7,6,90,159,97,152
1598,8,6,90,159,98,151
1599,9,6,90,159,99,150
1600,0,6,89,160,100,149
1601,1,6,89,160,101,148
1602,2,6,89,160,102,147
1603,3,6,89,160,103,146
1604,4,6,89,160,104,145
1605,5,6,89,160,105,144
1606,6,6,89,160,106,143
1607,7,6,89,160,107,142
1608,8,6,89,160,108,141
1609,9,6,89,160,109,140
1610,0,6,88,161,110,139
1611,1,6,88,161,111,138
1612,2,6,88,161,112,137
1613,3,6,88,161,113,136
1614,4,6,88,161,114,135
1615,5,6,88,161,115,134
1616,6,6,88,161,116,133
1617,7,6,88,161,117,132
1618,8,6,88,161,118,131
1619,9,6,88,161,119,130
1620,0,6,87,162,120,129
1621,1,6,87,162,121,128
1622,2,6,87,162,122,127
1623,3,6,87,162,123,126
1624,4,6,87,162,124,125
1625,5,6,87,162,125,124
1626,6,6,87,162,126,123
1627,7,6,87,162,127,122
1628,8,6,87,162,128,121
1629,9,6,87,162,129,120
1630,0,6,86,163,130,119
1631,1,6,86,163,131,118
1632,2,6,86,163,132,117
1633,3,6,86,163,133,116
1634,4,6,86,163,134,115
1635,5,6,86,163,135,114
1636,6,6,86,163,136,113
1637,7,6,86,163,137,112
1638,8,6,86,163,138,111
1639,9,6,86,163,139,110
1640,0,6,85,164,140,109
1641,1,6,85,164,141,108
1642,2,6,85,164,142,107
1643,3,6,85,164,143,106
1644,4,6,85,164,144,105
1645,5,6,85,164,145,104
1646,6,6,85,164,146,103
1647,7,6,85,164,147,102
1648,8,6,85,164,148,101
1649,9,6,85,164,149,100
1650,0,6,84,165,150,99
1651,1,6,84,165,151,98
1652,2,6,84,165,152,97
1653,3,6,84,165,153,96
1654,4,6,84,165,154,95
1655,5,6,84,165,155,94
1656,6,6,84,165,156,93
1657,7,6,84,165,157,92
1658,8,6,84,165,158,91
1659,9,6,84,165,159,90
1660,0,6,83,166,160,89
1661,1,6,83,166,161,88
1662,2,6,83,166,162,87
1663,3,6,83,166,163,86
1664,4,6,83,166,164,85
1665,5,6,83,166,165,84
1666,6,6,83,166,166,83
1667,7,6,83,166,167,82
1668,8,6,83,166,168,81
1669,9,6,83,166,169,80
1670,0,6,82,167,170,79
1671,1,6,82,167,171,78
1672,2,6,82,167,172,77
1673,3,6,82,167,173,76
1674,4,6,82,167,174,75
1675,5,6,82,167,175,74
1676,6,6,82,167,176,73
1677,7,6,82,167,177,72
1678,8,6,82,167,178,71
1679,9,6,82,167,179,70
1680,0,6,81,168,180,69
1681,1,6,81,168,181,68
1682,2,6,81,168,182,67
1683,3,6,81,168,183,66
1684,4,6,81,168,184,65
1685,5,6,81,168,185,64
1686,6,6,81,168,186,63
1687,7,6,81,168,187,62
1688,8,6,81,168,188,61
1689,9,6,81,168,189,60
1690,0,6,80,169,190,59
1691,1,6,80,169,191,58
1692,2,6,80,169,192,57
1693,3,6,80,169,193,56
1694,4,6,80,169,194,55
1695,5,6,80,169,195,54
1696,6,6,80,169,196,53
1697,7,6,80,169,197,52
1698,8,6,80,169,198,51
1699,9,6,80,169,199,50
1700,0,6,79,170,200,49
1701,1,6,79,170,201,48
1702,2,6,79,170,202,47
1703,3,6,79,170,203,46
1704,4,6,79,170,204,45
1705,5,6,79,170,205,44
1706,6,6,79,170,206,43
1707,7,6,79,170,207,42
1708,8,6,79,170,208,41
1709,9,6,79,170,209,40
1710,0,6,78,171,210,39
1711,1,6,78,171,211,38
1712,2,6,78,171,212,37
1713,3,6,78,171,213,36
1714,4,6,78,171,214,35
1715,5,6,78,171,215,34
1716,6,6,78,171,216,33
1717,7,6,78,171,217,32
1718,8,6,78,171,218,31
1719,9,6,78,171,219,30
1720,0,6,77,172,220,29
1721,1,6,77,172,221,28
1722,2,6,77,172,222,27
1723,3,6,77,172,223,26
1724,4,6,77,172,224,25
1725,5,6,77,172,225,24
1726,6,6,77,172,226,23
1727,7,6,77,172,227,22
1728,8,6,77,172,228,21
1729,9,6,77,172,229,20
1730,0,6,76,173,230,19
1731,1,6,76,173,231,18
1732,2,6,76,173,232,17
1733,3,6,76,173,233,16
1734,4,6,76,173,234,15
1735,5,6,76,173,235,14
1736,6,6,76,173,236,13
1737,7,6,76,173,237,12
1738,8,6,76,173,238,11
1739,9,6,76,173,239,10
1740,0,6,75,174,240,9
1741,1,6,75,174,241,8
1742,2,6,75,174,242,7
1743,3,6,75,174,243,6
1744,4,6,75,174,244,5
1745,5,6,75,174,245,4
1746,6,6,75,174,246,3
1747,7,6,75,174,247,2
1748,8,6,75,174,248,1
1749,9,6,75,174,249,0
1750,0,7,74,175,0,249
1751,1,7,74,175,1,248
1752,2,7,74,175,2,247
1753,3,7,74,175,3,246
1754,4,7,74,175,4,245
1755,5,7,74,175,5,244
1756,6,7,74,175,6,243
1757,7,7,74,175,7,242
1758,8,7,74,175,8,241
1759,9,7,74,175,9,240
1760,0,7,73,176,10,239
1761,1,7,73,176,11,238
1762,2,7,73,176,12,237
1763,3,7,73,176,13,236
1764,4,7,73,176,14,235
1765,5,7,73,176,15,234
1766,6,7,73,176,16,233
1767,7,7,73,176,17,232
1768,8,7,73,176,18,231
1769,9,7,73,176,19,230
1770,0,7,72,177,20,229
1771,1,7,72,177,21,228
1772,2,7,72,177,22,227
1773,3,7,72,177,23,226
1774,4,7,72,177,24,225
1775,5,7,72,177,25,224
1776,6,7,72,177,26,223
1777,7,7,72,177,27,222
1778,8,7,72,177,28,221
1779,9,7,72,177,29,220
1780,0,7,71,178,30,219
1781,1,7,71,178,31,218
1782,2,7,71,178,32,217
1783,3,7,71,178,33,216
1784,4,7,71,178,34,215
1785,5,7,71,178,35,214
1786,6,7,71,178,36,213
1787,7,7,71,178,37,212
1788,8,7,71,178,38,211
1789,9,7,71,178,39,210
1790,0,7,70,179,40,209
1791,1,7,70,179,41,208
1792,2,7,70,179,42,207
1793,3,7,70,179,43,206
1794,4,7,70,179,44,205
1795,5,7,70,179,45,204
1796,6,7,70,179,46,203
1797,7,7,70,179,47,202
1798,8,7,70,179,48,201
1799,9,7,70,179,49,200
1800,0,7,69,180,50,199
1801,1,7,69,180,51,198
1802,2,7,69,180,52,197
1803,3,7,69,180,53,196
1804,4,7,69,180,54,195
1805,5,7,69,180,55,194
1806,6,7,69,180,56,193
1807,7,7,69,180,57,192
1808,8,7,69,180,58,191
1809,9,7,69,180,59,190
1810,0,7,68,181,60,189
1811,1,7,68,181,61,188
1812,2,7,68,181,62,187
1813,3,7,68,181,63,186
1814,4,7,68,181,64,185
1815,5,7,68,181,65,184
1816,6,7,68,181,66,183
1817,7,7,68,181,67,182
1818,8,7,68,181,68,181
1819,9,7,68,181,69,180
1820,0,7,67,182,70,179
1821,1,7,67,182,71,178
1822,2,7,67,182,72,177
1823,3,7,67,182,73,176
1824,4,7,67,182,74,175
1825,5,7,67,182,75,174
1826,6,7,67,182,76,173
1827,7,7,67,182,77,172
1828,8,7,67,182,78,171
1829,9,7,67,182,79,170
1830,0,7,66,183,80,169
1831,1,7,66,183,81,168
1832,2,7,66,183,82,167
1833,3,7,66,183,83,166
1834,4,7,66,183,84,165
1835,5,7,66,183,85,164
1836,6,7,66,183,86,163
1837,7,7,66,183,87,162
1838,8,7,66,183,88,161
1839,9,7,66,183,89,160
1840,0,7,65,184,90,159
1841,1,7,65,184,91,158
1842,2,7,65,184,92,157
1843,3,7,65,184,93,156
1844,4,7,65,184,94,155
1845,5,7,65,184,95,154
1846,6,7,65,184,96,153
1847,7,7,65,184,97,152
1848,8,7,65,184,98,151
1849,9,7,65,184,99,150
1850,0,7,64,185,100,149
1851,1,7,64,185,101,148
1852,2,7,64,185,102,147
1853,3,7,64,185,103,146
1854,4,7,64,185,104,145
1855,5,7,64,185,105,144
1856,6,7,64,185,106,143
1857,7,7,64,185,107,142
1858,8,7,64,185,108,141
1859,9,7,64,185,109,140
1860,0,7,63,186,110,139
1861,1,7,63,186,111,138
1862,2,7,63,186,112,137
1863,3,7,63,186,113,136
1864,4,7,63,186,114,135
1865,5,7,63,186,115,134
1866,6,7,63,186,116,133
1867,7,7,63,186,117,132
1868,8,7,63,186,118,131
1869,9,7,63,186,119,130
1870,0,7,62,187,120,129
1871,1,7,62,187,121,128
1872,2,7,62,187,122,127
1873,3,7,62,187,123,126
1874,4,7,62,187,124,125
1875,5,7,62,187,125,124
1876,6,7,62,187,126,123
1877,7,7,62,187,127,122
1878,8,7,62,187,128,121
1879,9,7,62,187,129,120
1880,0,7,61,188,130,119
1881,1,7,61,188,131,118
1882,2,7,61,188,132,117
1883,3,7,61,188,133,116
1884,4,7,61,188,134,115
1885,5,7,61,188,135,114
1886,6,7,61,188,136,113
1887,7,7,61,188,137,112
1888,8,7,61,188,138,111
1889,9,7,61,188,139,110
1890,0,7,60,189,140,109
1891,1,7,60,189,141,108
1892,2,7,60,189,142,107
1893,3,7,60,189,143,106
1894,4,7,60,189,144,105
1895,5,7,60,189,145,104
1896,6,7,60,189,146,103
1897,7,7,60,189,147,102
1898,8,7,60,189,148,101
1899,9,7,60,189,149,100
1900,0,7,59,190,150,99
1901,1,7,59,190,151,98
1902,2,7,59,190,152,97
1903,3,7,59,190,153,96
1904,4,7,59,190,154,95
1905,5,7,59,190,155,94
1906,6,7,59,190,156,93
1907,7,7,59,190,157,92
1908,8,7,59,190,158,91
1909,9,7,59,190,159,90
1910,0,7,58,191,160,89
1911,1,7,58,191,161,88
1912,2,7,58,191,162,87
1913,3,7,58,191,163,86
1914,4,7,58,191,164,85
1915,5,7,58,191,165,84
1916,6,7,58,191,166,83
1917,7,7,58,191,167,82
1918,8,7,58,191,168,81
1919,9,7,58,191,169,80
1920,0,7,57,192,170,79
1921,1,7,57,192,171,78
1922,2,7,57,192,172,77
1923,3,7,57,192,173,76
1924,4,7,57,192,174,75
1925,5,7,57,192,175,74
1926,6,7,57,192,176,73
1927,7,7,57,192,177,72
1928,8,7,57,192,178,71
1929,9,7,57,192,179,70
1930,0,7,56,193,180,69
1931,1,7,56,193,181,68
1932,2,7,56,193,182,67
1933,3,7,56,193,183,66
1934,4,7,56,193,184,65
1935,5,7,56,193,185,64
1936,6,7,56,193,186,63
1937,7,7,56,193,187,62
1938,8,7,56,193,188,61
1939,9,7,56,193,189,60
1940,0,7,55,194,190,59
1941,1,7,55,194,191,58
1942,2,7,55,194,192,57
1943,3,7,55,194,193,56
1944,4,7,55,194,194,55
1945,5,7,55,194,195,54
1946,6,7,55,194,196,53
1947,7,7,55,194,197,52
1948,8,7,55,194,198,51
1949,9,7,55,194,199,50
1950,0,7,54,195,200,49
1951,1,7,54,195,201,48
1952,2,7,54,195,202,47
1953,3,7,54,195,203,46
1954,4,7,54,195,204,45
1955,5,7,54,195,205,44
1956,6,7,54,195,206,43
1957,7,7,54,195,207,42
1958,8,7,54,195,208,41
1959,9,7,54,195,209,40
1960,0,7,53,196,210,39
1961,1,7,53,196,211,38
1962,2,7,53,196,212,37
1963,3,7,53,196,213,36
1964,4,7,53,196,214,35
1965,5,7,53,196,215,34
1966,6,7,53,196,216,33
1967,7,7,53,196,217,32
1968,8,7,53,196,218,31
1969,9,7,53,196,219,30
1970,0,7,52,197,220,29
1971,1,7,52,197,221,28
1972,2,7,52,197,222,27
1973,3,7,52,197,223,26
1974,4,7,52,197,224,25
1975,5,7,52,197,225,24
1976,6,7,52,197,226,23
1977,7,7,52,197,227,22
1978,8,7,52,197,228,21
1979,9,7,52,197,229,20
1980,0,7,51,198,230,19
1981,1,7,51,198,231,18
1982,2,7,51,198,232,17
1983,3,7,51,198,233,16
1984,4,7,51,198,234,15
1985,5,7,51,198,235,14
1986,6,7,51,198,236,13
1987,7,7,51,198,237,12
1988,8,7,51,198,238,11
1989,9,7,51,198,239,10
1990,0,7,50,199,240,9
1991,1,7,50,199,241,8
1992,2,7,50,199,242,7
1993,3,7,50,199,243,6
1994,4,7,50,199,244,5
1995,5,7,50,199,245,4
1996,6,7,50,199,246,3
1997,7,7,50,199,247,2
1998,8,7,50,199,248,1
1999,9,7,50,199,249,0
2000,0,8,49,200,0,249
2001,1,8,49,200,1,248
2002,2,8,49,200,2,247
2003,3,8,49,200,3,246
2004,4,8,49,200,4,245
2005,5,8,49,200,5,244
2006,6,8,49,200,6,243
2007,7,8,49,200,7,242
2008,8,8,49,200,8,241
2009,9,8,49,200,9,240
2010,0,8,48,201,10,239
2011,1,8,48,201,11,238
2012,2,8,48,201,12,237
2013,3,8,48,201,13,236
2014,4,8,48,201,14,235
2015,5,8,48,201,15,234
2016,6,8,48,201,16,233
2017,7,8,48,201,17,232
2018,8,8,48,201,18,231
2019,9,8,48,201,19,230
2020,0,8,47,202,20,229
2021,1,8,47,202,21,228
2022,2,8,47,202,22,227
2023,3,8,47,202,23,226
2024,4,8,47,202,24,225
2025,5,8,47,202,25,224
2026,6,8,47,202,26,223
2027,7,8,47,202,27,222
2028,8,8,47,202,28,221
2029,9,8,47,202,29,220
2030,0,8,46,203,30,219
2031,1,8,46,203,31,218
2032,2,8,46,203,32,217
2033,3,8,46,203,33,216
2034,4,8,46,203,34,215
2035,5,8,46,203,35,214
2036,6,8,46,203,36,213
2037,7,8,46,203,37,212
2038,8,8,46,203,38,211
2039,9,8,46,203,39,210
2040,0,8,45,204,40,209
2041,1,8,45,204,41,208
2042,2,8,45,204,42,207
2043,3,8,45,204,43,206
2044,4,8,45,204,44,205
2045,5,8,45,204,45,204
2046,6,8,45,204,46,203
2047,7,8,45,204,47,202
2048,8,8,45,204,48,201
2049,9,8,45,204,49,200
2050,0,8,44,205,50,199
2051,1,8,44,205,51,198
2052,2,8,44,205,52,197
2053,3,8,44,205,53,196
2054,4,8,44,205,54,195
2055,5,8,44,205,55,194
2056,6,8,44,205,56,193
2057,7,8,44,205,57,192
2058,8,8,44,205,58,191
2059,9,8,44,205,59,190
2060,0,8,43,206,60,189
2061,1,8,43,206,61,188
2062,2,8,43,206,62,187
2063,3,8,43,206,63,186
2064,4,8,43,206,64,185
2065,5,8,43,206,65,184
2066,6,8,43,206,66,183
2067,7,8,43,206,67,182
2068,8,8,43,206,68,181
2069,9,8,43,206,69,180
2070,0,8,42,207,70,179
2071,1,8,42,207,71,178
2072,2,8,42,207,72,177
2073,3,8,42,207,73,176
2074,4,8,42,207,74,175
2075,5,8,42,207,75,174
2076,6,8,42,207,76,173
2077,7,8,42,207,77,172
2078,8,8,42,207,78,171
2079,9,8,42,207,79,170
2080,0,8,41,208,80,169
2081,1,8,41,208,81,168
2082,2,8,41,208,82,167
2083,3,8,41,208,83,166
2084,4,8,41,208,84,165
2085,5,8,41,208,85,164
2086,6,8,41,208,86,163
2087,7,8,41,208,87,162
2088,8,8,41,208,88,161
2089,9,8,41,208,89,160
2090,0,8,40,209,90,159
2091,1,8,40,209,91,158
2092,2,8,40,209,92,157
2093,3,8,40,209,93,156
2094,4,8,40,209,94,155
2095,5,8,40,209,95,154
2096,6,8,40,209,96,153
2097,7,8,40,209,97,152
2098,8,8,40,209,98,151
2099,9,8,40,209,99,150
2100,0,8,39,210,100,149
2101,1,8,39,210,101,148
2102,2,8,39,210,102,147
2103,3,8,39,210,103,146
2104,4,8,39,210,104,145
2105,5,8,39,210,105,144
2106,6,8,39,210,106,143
2107,7,8,39,210,107,142
2108,8,8,39,210,108,141
2109,9,8,39,210,109,140
2110,0,8,38,211,110,139
2111,1,8,38,211,111,138
2112,2,8,38,211,112,137
2113,3,8,38,211,113,136
2114,4,8,38,211,114,135
2115,5,8,38,211,115,134
2116,6,8,38,211,116,133
2117,7,8,38,211,117,132
2118,8,8,38,211,118,131
2119,9,8,38,211,119,130
2120,0,8,37,212,120,129
2121,1,8,37,212,121,128
2122,2,8,37,212,122,127
2123,3,8,37,212,123,126
2124,4,8,37,212,124,125
2125,5,8,37,212,125,124
2126,6,8,37,212,126,123
2127,7,8,37,212,127,122
2128,8,8,37,212,128,121
2129,9,8,37,212,129,120
2130,0,8,36,213,130,119
2131,1,8,36,213,131,118
2132,2,8,36,213,132,117
2133,3,8,36,213,133,116
2134,4,8,36,213,134,115
2135,5,8,36,213,135,114
2136,6,8,36,213,136,113
2137,7,8,36,213,137,112
2138,8,8,36,213,138,111
2139,9,8,36,213,139,110
2140,0,8,35,214,140,109
2141,1,8,35,214,141,108
2142,2,8,35,214,142,107
2143,3,8,35,214,143,106
2144,4,8,35,214,144,105
2145,5,8,35,214,145,104
2146,6,8,35,214,146,103
2147,7,8,35,214,147,102
2148,8,8,35,214,148,101
2149,9,8,35,214,149,100
2150,0,8,34,215,150,99
2151,1,8,34,215,151,98
2152,2,8,34,215,152,97
2153,3,8,34,215,153,96
2154,4,8,34,215,154,95
2155,5,8,34,215,155,94
2156,6,8,34,215,156,93
2157,7,8,34,215,157,92
2158,8,8,34,215,158,91
2159,9,8,34,215,159,90
2160,0,8,33,216,160,89
2161,1,8,33,216,161,88
2162,2,8,33,216,162,87
2163,3,8,33,216,163,86
2164,4,8,33,216,164,85
2165,5,8,33,216,165,84
2166,6,8,33,216,166,83
2167,7,8,33,216,167,82
2168,8,8,33,216,168,81
2169,9,8,33,216,169,80
2170,0,8,32,217,170,79
2171,1,8,32,217,171,78
2172,2,8,32,217,172,77
2173,3,8,32,217,173,76
2174,4,8,32,217,174,75
2175,5,8,32,217,175,74
2176,6,8,32,217,176,73
2177,7,8,32,217,177,72
2178,8,8,32,217,178,71
2179,9,8,32,217,179,70
2180,0,8,31,218,180,69
2181,1,8,31,218,181,68
2182,2,8,31,218,182,67
2183,3,8,31,218,183,66
2184,4,8,31,218,184,65
2185,5,8,31,218,185,64
2186,6,8,31,218,186,63
2187,7,8,31,218,187,62
2188,8,8,31,218,188,61
2189,9,8,31,218,189,60
2190,0,8,30,219,190,59
2191,1,8,30,219,191,58
2192,2,8,30,219,192,57
2193,3,8,30,219,193,56
2194,4,8,30,219,194,55
2195,5,8,30,219,195,54
2196,6,8,30,219,196,53
2197,7,8,30,219,197,52
2198,8,8,30,219,198,51
2199,9,8,30,219,199,50
2200,0,8,29,220,200,49
2201,1,8,29,220,201,48
2202,2,8,29,220,202,47
2203,3,8,29,220,203,46
2204,4,8,29,220,204,45
2205,5,8,29,220,205,44
2206,6,8,29,220,206,43
2207,7,8,29,220,207,42
2208,8,8,29,220,208,41
2209,9,8,29,220,209,40
2210,0,8,28,221,210,39
2211,1,8,28,221,211,38
2212,2,8,28,221,212,37
2213,3,8,28,221,213,36
2214,4,8,28,221,214,35
2215,5,8,28,221,215,34
2216,6,8,28,221,216,33
2217,7,8,28,221,217,32
2218,8,8,28,221,218,31
2219,9,8,28,221,219,30
2220,0,8,27,222,220,29
2221,1,8,27,222,221,28
2222,2,8,27,222,222,27
2223,3,8,27,222,223,26
2224,4,8,27,222,224,25
2225,5,8,27,222,225,24
2226,6,8,27,222,226,23
2227,7,8,27,222,227,22
2228,8,8,27,222,228,21
2229,9,8,27,222,229,20
2230,0,8,26,223,230,19
2231,1,8,26,223,231,18
2232,2,8,26,223,232,17
2233,3,8,26,223,233,16
2234,4,8,26,223,234,15
2235,5,8,26,223,235,14
2236,6,8,26,223,236,13
2237,7,8,26,223,237,12
2238,8,8,26,223,238,11
2239,9,8,26,223,239,10
2240,0,8,25,224,240,9
2241,1,8,25,224,241,8
2242,2,8,25,224,242,7
2243,3,8,25,224,243,6
2244,4,8,25,224,244,5
2245,5,8,25,224,245,4
2246,6,8,25,224,246,3
2247,7,8,25,224,247,2
2248,8,8,25,224,248,1
2249,9,8,25,224,249,0
2250,0,9,24,225,0,249
2251,1,9,24,225,1,248
2252,2,9,24,225,2,247
2253,3,9,24,225,3,246
2254,4,9,24,225,4,245
2255,5,9,24,225,5,244
2256,6,9,24,225,6,243
2257,7,9,24,225,7,242
2258,8,9,24,225,8,241
2259,9,9,24,225,9,240
2260,0,9,23,226,10,239
2261,1,9,23,226,11,238
2262,2,9,23,226,12,237
2263,3,9,23,226,13,236
2264,4,9,23,226,14,235
2265,5,9,23,226,15,234
2266,6,9,23,226,16,233
2267,7,9,23,226,17,232
2268,8,9,23,226,18,231
2269,9,9,23,226,19,230
2270,0,9,22,227,20,229
2271,1,9,22,227,21,228
2272,2,9,22,227,22,227
2273,3,9,22,227,23,226
2274,4,9,22,227,24,225
2275,5,9,22,227,25,224
2276,6,9,22,227,26,223
2277,7,9,22,227,27,222
2278,8,9,22,227,28,221
2279,9,9,22,227,29,220
2280,0,9,21,228,30,219
2281,1,9,21,228,31,218
2282,2,9,21,228,32,217
2283,3,9,21,228,33,216
2284,4,9,21,228,34,215
2285,5,9,21,228,35,214
2286,6,9,21,228,36,213
2287,7,9,21,228,37,212
2288,8,9,21,228,38,211
2289,9,9,21,228,39,210
2290,0,9,20,229,40,209
2291,1,9,20,229,41,208
2292,2,9,20,229,42,207
2293,3,9,20,229,43,206
2294,4,9,20,229,44,205
2295,5,9,20,229,45,204
2296,6,9,20,229,46,203
2297,7,9,20,229,47,202
2298,8,9,20,229,48,201
2299,9,9,20,229,49,200
2300,0,9,19,230,50,199
2301,1,9,19,230,51,198
2302,2,9,19,230,52,197
2303,3,9,19,230,53,196
2304,4,9,19,230,54,195
2305,5,9,19,230,55,194
2306,6,9,19,230,56,193
2307,7,9,19,230,57,192
2308,8,9,19,230,58,191
2309,9,9,19,230,59,190
2310,0,9,18,231,60,189
2311,1,9,18,231,61,188
2312,2,9,18,231,62,187
2313,3,9,18,231,63,186
2314,4,9,18,231,64,185
2315,5,9,18,231,65,184
2316,6,9,18,231,66,183
2317,7,9,18,231,67,182
2318,8,9,18,231,68,181
2319,9,9,18,231,69,180
2320,0,9,17,232,70,179
2321,1,9,17,232,71,178
2322,2,9,17,232,72,177
2323,3,9,17,232,73,176
2324,4,9,17,232,74,175
2325,5,9,17,232,75,174
2326,6,9,17,232,76,173
2327,7,9,17,232,77,172
2328,8,9,17,232,78,171
2329,9,9,17,232,79,170
2330,0,9,16,233,80,169
2331,1,9,16,233,81,168
2332,2,9,16,233,82,167
2333,3,9,16,233,83,166
2334,4,9,16,233,84,165
2335,5,9,16,233,85,164
2336,6,9,16,233,86,163
2337,7,9,16,233,87,162
2338,8,9,16,233,88,161
2339,9,9,16,233,89,160
2340,0,9,15,234,90,159
2341,1,9,15,234,91,158
2342,2,9,15,234,92,157
2343,3,9,15,234,93,156
2344,4,9,15,234,94,155
2345,5,9,15,234,95,154
2346,6,9,15,234,96,153
2347,7,9,15,234,97,152
2348,8,9,15,234,98,151
2349,9,9,15,234,99,150
2350,0,9,14,235,100,149
2351,1,9,14,235,101,148
2352,2,9,14,235,102,147
2353,3,9,14,235,103,146
2354,4,9,14,235,104,145
2355,5,9,14,235,105,144
2356,6,9,14,235,106,143
2357,7,9,14,235,107,142
2358,8,9,14,235,108,141
2359,9,9,14,235,109,140
2360,0,9,13,236,110,139
2361,1,9,13,236,111,138
2362,2,9,13,236,112,137
2363,3,9,13,236,113,136
2364,4,9,13,236,114,135
2365,5,9,13,236,115,134
2366,6,9,13,236,116,133
2367,7,9,13,236,117,132
2368,8,9,13,236,118,131
2369,9,9,13,236,119,130
2370,0,9,12,237,120,129
2371,1,9,12,237,121,128
2372,2,9,12,237,122,127
2373,3,9,12,237,123,126
2374,4,9,12,237,124,125
2375,5,9,12,237,125,124
2376,6,9,12,237,126,123
2377,7,9,12,237,127,122
2378,8,9,12,237,128,121
2379,9,9,12,237,129,120
2380,0,9,11,238,130,119
2381,1,9,11,238,131,118
2382,2,9,11,238,132,117
2383,3,9,11,238,133,116
2384,4,9,11,238,134,115
2385,5,9,11,238,135,114
2386,6,9,11,238,136,113
2387,7,9,11,238,137,112
2388,8,9,11,238,138,111
2389,9,9,11,238,139,110
2390,0,9,10,239,140,109
2391,1,9,10,239,141,108
2392,2,9,10,239,142,107
2393,3,9,10,239,143,106
2394,4,9,10,239,144,105
2395,5,9,10,239,145,104
2396,6,9,10,239,146,103
2397,7,9,10,239,147,102
2398,8,9,10,239,148,101
2399,9,9,10,239,149,100
2400,0,9,9,240,150,99
2401,1,9,9,240,151,98
2402,2,9,9,240,152,97
2403,3,9,9,240,153,96
2404,4,9,9,240,154,95
2405,5,9,9,240,155,94
2406,6,9,9,240,156,93
2407,7,9,9,240,157,92
2408,8,9,9,240,158,91
2409,9,9,9,240,159,90
2410,0,9,8,241,160,89
2411,1,9,8,241,161,88
2412,2,9,8,241,162,87
2413,3,9,8,241,163,86
2414,4,9,8,241,164,85
2415,5,9,8,241,165,84
2416,6,9,8,241,166,83
2417,7,9,8,241,167,82
2418,8,9,8,241,168,81
2419,9,9,8,241,169,80
2420,0,9,7,242,170,79
2421,1,9,7,242,171,78
2422,2,9,7,242,172,77
2423,3,9,7,242,173,76
2424,4,9,7,242,174,75
2425,5,9,7,242,175,74
2426,6,9,7,242,176,73
2427,7,9,7,242,177,72
2428,8,9,7,242,178,71
2429,9,9,7,242,179,70
2430,0,9,6,243,180,69
2431,1,9,6,243,181,68
2432,2,9,6,243,182,67
2433,3,9,6,243,183,66
2434,4,9,6,243,184,65
2435,5,9,6,243,185,64
2436,6,9,6,243,186,63
2437,7,9,6,243,187,62
2438,8,9,6,243,188,61
2439,9,9,6,243,189,60
2440,0,9,5,244,190,59
2441,1,9,5,244,191,58
2442,2,9,5,244,192,57
2443,3,9,5,244,193,56
2444,4,9,5,244,194,55
2445,5,9,5,244,195,54
2446,6,9,5,244,196,53
2447,7,9,5,244,197,52
2448,8,9,5,244,198,51
2449,9,9,5,244,199,50
2450,0,9,4,245,200,49
2451,1,9,4,245,201,48
2452,2,9,4,245,202,47
2453,3,9,4,245,203,46
2454,4,9,4,245,204,45
2455,5,9,4,245,205,44
2456,6,9,4,245,206,43
2457,7,9,4,245,207,42
2458,8,9,4,245,208,41
2459,9,9,4,245,209,40
2460,0,9,3,246,210,39
2461,1,9,3,246,211,38
2462,2,9,3,246,212,37
2463,3,9,3,246,213,36
2464,4,9,3,246,214,35
2465,5,9,3,246,215,34
2466,6,9,3,246,216,33
2467,7,9,3,246,217,32
2468,8,9,3,246,218,31
2469,9,9,3,246,219,30
2470,0,9,2,247,220,29
2471,1,9,2,247,221,28
2472,2,9,2,247,222,27
2473,3,9,2,247,223,26
2474,4,9,2,247,224,25
2475,5,9,2,247,225,24
2476,6,9,2,247,226,23
2477,7,9,2,247,227,22
2478,8,9,2,247,228,21
2479,9,9,2,247,229,20
2480,0,9,1,248,230,19
2481,1,9,1,248,231,18
2482,2,9,1,248,232,17
2483,3,9,1,248,233,16
2484,4,9,1,248,234,15
2485,5,9,1,248,235,14
2486,6,9,1,248,236,13
2487,7,9,1,248,237,12
2488,8,9,1,248,238,11
2489,9,9,1,248,239,10
2490,0,9,0,249,240,9
2491,1,9,0,249,241,8
2492,2,9,0,249,242,7
2493,3,9,0,249,243,6
2494,4,9,0,249,244,5
2495,5,9,0,249,245,4
2496,6,9,0,249,246,3
2497,7,9,0,249,247,2
2498,8,9,0,249,248,1
2499,9,9,0,249,249,0
